"","STATION","LATITUDE","LONGITUDE"
"1","USC00010252",31.3072,-86.5225
"2","USC00010583",30.8839,-87.7853
"3","USC00011084",31.0583,-87.055
"4","USC00012813",30.5467,-87.8808
"5","USC00013511",32.6922,-87.5761
"6","USC00013519",31.79,-86.6086
"7","USC00013620",34.2314,-87.6353
"8","USC00013816",31.8814,-86.2503
"9","USC00014502",32.9069,-85.4336
"10","USC00016121",33.9264,-86.4211
"11","USC00016988",30.5653,-87.7017
"12","USC00017157",34.1736,-86.8133
"13","USC00017304",34.6736,-86.0536
"14","USC00017366",32.4111,-87.0144
"15","USC00018024",33.4164,-86.135
"16","USC00018178",31.9172,-87.7347
"17","USC00018438",32.0142,-85.7464
"18","USC00018469",34.5686,-85.6064
"19","USC00020080",32.3697,-112.86
"20","USC00020159",33.8492,-109.1469
"21","USC00020632",33.8097,-111.6497
"22","USC00020750",36.6778,-110.5411
"23","USC00021314",32.9947,-111.5367
"24","USC00021654",34.7569,-112.4567
"25","USC00022109",34.305,-112.165
"26","USC00023160",35.2719,-111.73
"27","USC00023303",35.7089,-109.5539
"28","USC00023393",32.9381,-112.6811
"29","USC00024453",34.7539,-112.1114
"30","USC00025412",34.1133,-109.86
"31","USC00025635",34.6106,-111.8383
"32","USC00025700",33.5539,-111.4447
"33","USC00026132",31.9556,-112.8003
"34","USC00026250",34.1547,-114.2908
"35","USC00026468",34.7994,-109.885
"36","USC00026796",34.5706,-112.4322
"37","USC00027281",33.6489,-111.1089
"38","USC00027435",34.5172,-109.4028
"39","USC00027716",35.3319,-112.8794
"40","USC00028012",34.5081,-110.0839
"41","USC00028162",34.1311,-109.275
"42","USC00028619",31.7119,-110.0686
"43","USC00028865",31.5678,-111.0497
"44","USC00029287",33.9792,-112.7403
"45","USC00029334",32.2553,-109.8369
"46","USC00029359",35.2414,-112.1928
"47","USC00029542",35.5197,-111.3719
"48","USC00030130",34.7961,-92.8417
"49","USC00030220",34.1433,-93.0589
"50","USC00030582",34.5675,-92.6006
"51","USC00030936",34.8822,-91.2153
"52","USC00031152",33.59,-92.8236
"53","USC00031632",36.4083,-90.5917
"54","USC00031730",33.1111,-91.9481
"55","USC00031838",35.2342,-93.1675
"56","USC00031948",34.0464,-94.3481
"57","USC00031968",34.9772,-91.4978
"58","USC00032148",33.8886,-91.5317
"59","USC00032356",36.4164,-93.7917
"60","USC00032444",36.1011,-94.1736
"61","USC00032540",33.8228,-92.3989
"62","USC00032794",35.9886,-92.7161
"63","USC00032930",36.4261,-94.4481
"64","USC00033242",34.5211,-90.59
"65","USC00033428",33.7092,-93.5564
"66","USC00033466",34.5128,-93.0486
"67","USC00034106",36.4194,-92.9158
"68","USC00034572",36.4947,-91.535
"69","USC00034638",34.7392,-90.7664
"70","USC00034756",34.5978,-94.29
"71","USC00035112",33.9292,-93.8508
"72","USC00035186",35.6042,-91.2744
"73","USC00035200",34.9553,-93.1594
"74","USC00035754",34.2256,-92.0186
"75","USC00035820",36.2642,-90.9683
"76","USC00035866",33.2511,-91.5058
"77","USC00035908",33.8203,-93.3878
"78","USC00036376",34.3703,-91.1242
"79","USC00036506",35.2678,-91.7167
"80","USC00036928",35.3028,-93.6369
"81","USC00037488",34.9228,-94.0944
"82","USC00040161",41.4903,-120.5439
"83","USC00040343",36.4914,-118.8253
"84","USC00040379",37.0919,-119.5128
"85","USC00040383",38.9072,-121.0839
"86","USC00040693",37.8744,-122.2606
"87","USC00040924",33.6139,-114.5978
"88","USC00040931",39.3886,-120.0936
"89","USC00041194",34.1867,-118.3481
"90","USC00041244",35.4028,-119.47
"91","USC00041277",38.2769,-120.3114
"92","USC00041428",38.2486,-120.8433
"93","USC00041497",40.1706,-121.0886
"94","USC00041614",41.53,-120.1792
"95","USC00041715",39.6911,-121.8211
"96","USC00041758",32.64,-117.0858
"97","USC00041864",36.1356,-120.3606
"98","USC00041912",39.09,-120.9469
"99","USC00042147",41.7958,-124.2147
"100","USC00042214",34.005,-118.4139
"101","USC00042294",38.535,-121.7761
"102","USC00042598",33.8081,-115.4514
"103","USC00042713",32.7669,-115.5617
"104","USC00042805",33.6861,-117.3458
"105","USC00042941",34.705,-118.4297
"106","USC00043157",41.8714,-120.1575
"107","USC00043182",41.6011,-122.8478
"108","USC00043261",36.9969,-119.7072
"109","USC00043551",36.7375,-118.9619
"110","USC00043578",38.4306,-122.8647
"111","USC00043710",36.1389,-117.9528
"112","USC00043714",37.4725,-122.4433
"113","USC00043747",36.3158,-119.6369
"114","USC00043761",41.7961,-123.3747
"115","USC00043824",40.9317,-121.5433
"116","USC00043855",33.7044,-115.6289
"117","USC00043875",38.6294,-122.8664
"118","USC00043914",33.2372,-116.7614
"119","USC00043939",37.9614,-119.7831
"120","USC00044211",33.7572,-116.7067
"121","USC00044223",32.8489,-115.5667
"122","USC00044232",36.7981,-118.2036
"123","USC00044297",34.1472,-115.1219
"124","USC00044500",37.9567,-122.5447
"125","USC00044890",36.3817,-119.0264
"126","USC00044957",36.2033,-119.0545
"127","USC00044997",37.6819,-121.7514
"128","USC00045032",38.1061,-121.2878
"129","USC00045118",37.0564,-120.8667
"130","USC00045123",37.2319,-121.9592
"131","USC00045233",36.9539,-120.0378
"132","USC00045449",41.2517,-122.1383
"133","USC00045502",33.5697,-116.0731
"134","USC00045532",37.2889,-120.5158
"135","USC00045679",40.3458,-121.6092
"136","USC00046074",38.2778,-122.2647
"137","USC00046136",39.2467,-121.0008
"138","USC00046144",37.5147,-122.0325
"139","USC00046168",37.2811,-121.0178
"140","USC00046175",33.6031,-117.8836
"141","USC00046252",37.2328,-119.5097
"142","USC00046377",33.2097,-117.395
"143","USC00046399",34.4478,-119.2275
"144","USC00046506",39.7458,-122.1997
"145","USC00046508",41.3019,-123.5386
"146","USC00046624",34.5883,-118.0939
"147","USC00046635",33.8275,-116.5097
"148","USC00046657",33.3781,-116.84
"149","USC00046719",34.1483,-118.1447
"150","USC00046730",35.6278,-120.6856
"151","USC00046826",38.2578,-122.6078
"152","USC00046926",36.4819,-121.1822
"153","USC00047085",39.8053,-120.4719
"154","USC00047109",39.3619,-123.1286
"155","USC00047253",35.3692,-117.6525
"156","USC00047306",34.0369,-117.1947
"157","USC00047339",37.4767,-122.2386
"158","USC00047470",33.9511,-117.3881
"159","USC00047643",38.5067,-122.4714
"160","USC00047851",35.3056,-120.6619
"161","USC00047888",33.7442,-117.8667
"162","USC00047902",34.4167,-119.6844
"163","USC00047916",36.9878,-121.9994
"164","USC00047965",38.4558,-122.7133
"165","USC00048045",40.4833,-124.1039
"166","USC00048218",39.5833,-120.3706
"167","USC00048353",37.9672,-120.3872
"168","USC00048380",37.5122,-119.6331
"169","USC00048560",37.9994,-121.3178
"170","USC00048587",39.5861,-122.5342
"171","USC00048758",39.1678,-120.1428
"172","USC00048839",35.0233,-118.7497
"173","USC00049035",35.7636,-117.3908
"174","USC00049053",41.96,-121.4744
"175","USC00049099",34.1281,-116.0369
"176","USC00049122",39.1467,-123.2103
"177","USC00049152",34.0697,-118.4428
"178","USC00049325",34.5292,-117.2928
"179","USC00049367",36.3283,-119.2997
"180","USC00049452",35.5892,-119.3519
"181","USC00049473",36.9308,-121.7692
"182","USC00049490",40.7353,-122.9442
"183","USC00049699",39.5231,-122.3047
"184","USC00049742",38.5253,-121.9778
"185","USC00049781",38.6828,-121.7939
"186","USC00049855",37.7503,-119.5897
"187","USC00049866",41.7031,-122.6414
"188","USC00050454",39.4053,-105.4764
"189","USC00050848",39.9919,-105.2667
"190","USC00051071",38.8247,-106.1275
"191","USC00051121",39.3061,-102.2608
"192","USC00051179",39.7406,-104.1275
"193","USC00051294",38.46,-105.2256
"194","USC00051528",39.2203,-105.2783
"195","USC00051564",38.8575,-102.3328
"196","USC00051772",39.1014,-108.7339
"197","USC00051886",37.3444,-108.595
"198","USC00051959",38.8739,-106.9772
"199","USC00052184",37.6911,-106.3078
"200","USC00052281",39.6244,-106.0336
"201","USC00052446",38.4758,-102.7769
"202","USC00053005",40.5764,-105.0858
"203","USC00053359",39.5556,-107.3383
"204","USC00053496",40.2669,-105.8322
"205","USC00053662",38.5253,-106.9672
"206","USC00053867",40.4925,-107.2547
"207","USC00053951",37.7494,-107.095
"208","USC00054082",40.5453,-102.3411
"209","USC00054388",38.0633,-102.93
"210","USC00054452",39.49,-105.0953
"211","USC00054603",38.7625,-102.7997
"212","USC00054770",38.0936,-102.6306
"213","USC00054834",38.0636,-103.2153
"214","USC00055531",37.1997,-108.4892
"215","USC00055706",37.5811,-106.1867
"216","USC00055722",38.4858,-107.8792
"217","USC00056266",39.1136,-108.3506
"218","USC00057167",38.0383,-103.6947
"219","USC00057936",40.4883,-106.8233
"220","USC00058184",38.8183,-106.6086
"221","USC00058582",37.3806,-107.5811
"222","USC00058756",40.7442,-106.2792
"223","USC00058781",37.63,-104.7956
"224","USC00058839",40.4256,-105.2103
"225","USC00058931",38.1314,-105.4661
"226","USC00059243",40.0819,-102.2069
"227","USC00059295",40.1236,-102.7217
"228","USC00062658",41.95,-73.3667
"229","USC00065445",41.9725,-73.2208
"230","USC00068138",41.795,-72.2286
"231","USC00072730",39.1467,-75.5056
"232","USC00079605",39.7739,-75.5414
"233","USC00080211",29.7258,-85.0206
"234","USC00080228",27.2178,-81.8742
"235","USC00080369",27.5947,-81.5267
"236","USC00080478",27.8861,-81.8325
"237","USC00081046",28.6164,-82.3658
"238","USC00081544",30.7806,-85.5503
"239","USC00082229",29.0097,-81.2981
"240","USC00082850",25.8489,-81.3897
"241","USC00082915",29.755,-81.5389
"242","USC00082944",30.6669,-81.4525
"243","USC00083163",26.1019,-80.2011
"244","USC00083207",27.4419,-80.3508
"245","USC00083470",30.2717,-82.1856
"246","USC00083909",25.8175,-80.2858
"247","USC00083956",29.8286,-82.5972
"248","USC00084366",30.2875,-81.3928
"249","USC00084731",30.1853,-82.5942
"250","USC00085275",30.4653,-83.4022
"251","USC00085612",28.1136,-80.6539
"252","USC00085895",26.84,-81.0872
"253","USC00085973",27.9378,-81.5992
"254","USC00086078",26.1653,-81.6842
"255","USC00086240",30.5317,-86.4928
"256","USC00086414",29.1639,-82.0778
"257","USC00087205",28.0208,-82.1386
"258","USC00087851",28.3378,-82.26
"259","USC00087886",27.7683,-82.6256
"260","USC00088620",27.1897,-80.2397
"261","USC00088824",28.1522,-82.7539
"262","USC00088942",28.6242,-80.8169
"263","USC00089401",27.5478,-81.7994
"264","USC00090140",31.5339,-84.1489
"265","USC00090969",34.8544,-83.9444
"266","USC00091340",31.1681,-81.5022
"267","USC00091500",31.1903,-84.2036
"268","USC00091640",33.5972,-85.0806
"269","USC00091665",34.2042,-84.7925
"270","USC00091732",34.0589,-85.2339
"271","USC00091982",34.8878,-83.3967
"272","USC00092266",31.985,-83.7747
"273","USC00092283",34.5181,-83.5286
"274","USC00092450",31.7672,-84.7931
"275","USC00092966",32.2003,-83.2058
"276","USC00093465",30.74,-82.1278
"277","USC00093621",34.3006,-83.86
"278","USC00093754",31.9881,-81.9522
"279","USC00094133",34.3517,-82.93
"280","USC00094170",32.2842,-83.4681
"281","USC00094648",34.4758,-84.4461
"282","USC00094941",34.8531,-85.3142
"283","USC00095314",33.0125,-82.3914
"284","USC00095874",33.0831,-83.2497
"285","USC00096087",31.1769,-83.7492
"286","USC00097600",34.2414,-85.1583
"287","USC00098535",32.6864,-84.5208
"288","USC00098666",30.9139,-83.8611
"289","USC00098703",31.4461,-83.4767
"290","USC00098740",34.5786,-83.3319
"291","USC00099141",33.4028,-82.6222
"292","USC00099157",33.7264,-82.7058
"293","USC00099186",31.2514,-82.3128
"294","USC00099291",32.8861,-85.1839
"295","USC00100010",42.9536,-112.8253
"296","USC00100470",44.0708,-111.4564
"297","USC00101079",48.6928,-116.3103
"298","USC00101408",44.5733,-116.6753
"299","USC00101514",44.5228,-116.0481
"300","USC00102187",44.7442,-116.4325
"301","USC00102676",43.7792,-111.1111
"302","USC00102707",44.2436,-112.2003
"303","USC00102942",43.8544,-116.4664
"304","USC00103143",46.1,-115.5447
"305","USC00103297",43.0331,-112.4325
"306","USC00103448",44.1011,-115.9694
"307","USC00103631",42.9403,-115.3231
"308","USC00103732",42.5631,-111.7594
"309","USC00103771",45.9414,-116.1175
"310","USC00104140",42.5972,-114.1378
"311","USC00104295",42.3528,-114.5739
"312","USC00104442",43.8383,-115.8319
"313","USC00104598",44.4203,-111.3711
"314","USC00104670",42.7325,-114.5192
"315","USC00104831",47.5333,-116.1333
"316","USC00105275",42.1231,-111.3133
"317","USC00105462",43.9178,-113.6153
"318","USC00105708",44.8872,-116.1047
"319","USC00106152",46.7281,-116.9558
"320","USC00106388",44.9714,-116.2933
"321","USC00106542",42.2339,-113.8925
"322","USC00106844",43.8022,-116.9442
"323","USC00106877",42.6117,-113.7628
"324","USC00106891",44.0764,-116.9311
"325","USC00107264",48.9994,-116.4992
"326","USC00107386",48.3511,-116.8353
"327","USC00107673",43.0517,-114.155
"328","USC00108022",43.9522,-111.6786
"329","USC00108062",47.3164,-116.5789
"330","USC00108137",48.2942,-116.5628
"331","USC00108380",42.9383,-114.4169
"332","USC00108928",43.2436,-116.3783
"333","USC00109498",47.4753,-115.9314
"334","USC00110072",41.1978,-90.7447
"335","USC00110137",38.8669,-90.1489
"336","USC00110187",37.5222,-89.2486
"337","USC00110338",41.7803,-88.3092
"338","USC00111265",37.7308,-89.1658
"339","USC00111436",39.4761,-88.1653
"340","USC00111577",41.7372,-87.7775
"341","USC00112140",40.1392,-87.6478
"342","USC00112193",39.8289,-88.9506
"343","USC00112348",41.835,-89.5136
"344","USC00112483",37.9878,-89.1931
"345","USC00112687",39.1181,-88.6244
"346","USC00112931",38.3806,-88.3264
"347","USC00113290",41.8978,-90.1544
"348","USC00113320",40.9464,-90.3856
"349","USC00113335",41.1739,-90.035
"350","USC00114108",39.1611,-89.4919
"351","USC00114198",40.4664,-87.685
"352","USC00114442",39.7347,-90.1978
"353","USC00114823",40.5839,-90.9686
"354","USC00115079",40.1519,-89.3386
"355","USC00115768",40.9442,-90.6381
"356","USC00115833",41.7944,-89.9681
"357","USC00115901",42.0981,-89.9842
"358","USC00115943",38.3619,-88.8597
"359","USC00116446",38.7006,-88.0819
"360","USC00116526",41.3281,-88.9097
"361","USC00116558",38.9994,-87.6139
"362","USC00116579",39.3686,-89.0867
"363","USC00116610",39.6186,-87.6672
"364","USC00116910",40.8778,-88.6364
"365","USC00117551",40.1275,-90.5592
"366","USC00118293",42.3997,-89.9903
"367","USC00118684",39.7947,-88.2911
"368","USC00118740",40.0842,-88.2403
"369","USC00118916",41.5603,-89.6025
"370","USC00119021",40.7939,-87.7544
"371","USC00119241",39.4408,-90.3789
"372","USC00119354",39.4458,-88.5961
"373","USC00120177",40.1117,-85.7164
"374","USC00120200",41.6639,-85.0183
"375","USC00120676",40.6683,-84.93
"376","USC00120784",39.1739,-86.5208
"377","USC00121030",39.4239,-85.0144
"378","USC00121747",39.1661,-85.9228
"379","USC00123082",40.2986,-86.5067
"380","USC00123418",41.5575,-85.8825
"381","USC00123513",39.6439,-86.8767
"382","USC00123527",39.7858,-85.7611
"383","USC00123547",39.3475,-85.4892
"384","USC00125337",40.58,-85.6586
"385","USC00126001",37.9286,-87.8956
"386","USC00126435",39.0014,-85.5997
"387","USC00126580",38.8878,-86.5519
"388","USC00126705",38.5556,-86.4858
"389","USC00127125",38.3567,-87.5906
"390","USC00127482",41.0664,-86.2097
"391","USC00127522",39.7594,-87.2269
"392","USC00127646",39.6042,-85.4533
"393","USC00127935",38.9542,-85.9044
"394","USC00127999",39.5283,-85.7914
"395","USC00128036",38.5528,-86.7944
"396","USC00128698",37.9531,-86.7747
"397","USC00129253",38.6489,-87.1989
"398","USC00129557",39.9961,-86.3542
"399","USC00129670",41.0267,-86.5867
"400","USC00129678",40.1714,-84.9208
"401","USC00130112",41.0656,-92.7867
"402","USC00130133",43.0664,-94.2222
"403","USC00130157",42.7536,-92.8022
"404","USC00130364",41.4175,-95.0042
"405","USC00130385",41.7069,-94.9222
"406","USC00130576",40.6742,-94.7244
"407","USC00130600",41.8814,-92.2764
"408","USC00130608",42.2611,-90.423
"409","USC00130753",40.7392,-92.4142
"410","USC00130807",42.0417,-93.8908
"411","USC00130923",43.1056,-93.7444
"412","USC00131233",42.065,-94.85
"413","USC00131319",42.0497,-91.5881
"414","USC00131354",40.7325,-92.89
"415","USC00131394",41.0164,-93.2792
"416","USC00131442",42.7572,-95.5378
"417","USC00131533",40.7244,-95.0192
"418","USC00131541",42.72,-93.7336
"419","USC00131635",41.7947,-90.2639
"420","USC00131833",40.9883,-94.7589
"421","USC00131954",43.3894,-92.0939
"422","USC00131962",41.0372,-94.3936
"423","USC00132171",42.0364,-95.3289
"424","USC00132364",42.54,-90.6461
"425","USC00132603",42.7753,-91.4536
"426","USC00132689",43.1025,-94.6833
"427","USC00132724",43.4036,-94.7472
"428","USC00132789",41.0211,-91.9553
"429","USC00132864",42.8825,-91.8303
"430","USC00132977",43.2844,-93.6306
"431","USC00132999",42.5836,-94.2006
"432","USC00133438",41.2942,-94.4456
"433","USC00133487",42.3647,-92.7594
"434","USC00133509",41.6686,-94.4972
"435","USC00133584",42.7561,-93.2019
"436","USC00133632",41.6453,-95.3339
"437","USC00133718",43.0031,-96.485
"438","USC00134063",41.3664,-93.6481
"439","USC00134101",41.6092,-91.505
"440","USC00134142",42.5189,-93.2536
"441","USC00134228",42.0103,-94.3953
"442","USC00134389",40.7467,-91.9575
"443","USC00134502",41.3247,-93.1008
"444","USC00134561",43.4483,-95.3247
"445","USC00134705",41.5747,-90.4006
"446","USC00134735",42.7817,-96.1458
"447","USC00134894",41.65,-95.8061
"448","USC00135198",42.0647,-92.9244
"449","USC00135230",43.1631,-93.1953
"450","USC00135493",43.3828,-95.1842
"451","USC00135769",40.7053,-94.2428
"452","USC00135796",40.9486,-91.5647
"453","USC00135837",41.4075,-91.0728
"454","USC00135952",43.0453,-92.3122
"455","USC00136103",43.4386,-93.2253
"456","USC00136151",41.3044,-95.3844
"457","USC00136243",42.0697,-96.1258
"458","USC00136305",43.2792,-92.8308
"459","USC00136316",41.0194,-93.7503
"460","USC00136327",41.3214,-92.6467
"461","USC00136566",41.8394,-94.1106
"462","USC00136719",42.7292,-94.6614
"463","USC00136800",43.0864,-95.6292
"464","USC00136940",41.0036,-95.2419
"465","USC00137147",43.43,-96.1686
"466","USC00137161",42.3969,-94.6292
"467","USC00137312",42.4194,-94.9761
"468","USC00137386",43.1792,-95.6603
"469","USC00137594",43.1803,-95.8533
"470","USC00137613",40.7717,-95.3739
"471","USC00137664",43.4022,-95.7497
"472","USC00137678",41.3372,-92.2278
"473","USC00137726",42.8928,-95.1469
"474","USC00137844",43.1653,-95.1467
"475","USC00137979",42.6469,-95.1933
"476","USC00138296",42.0356,-92.5806
"477","USC00138568",42.1464,-92.0125
"478","USC00138688",41.2825,-91.7078
"479","USC00138755",43.3156,-91.4533
"480","USC00138806",42.4686,-93.7975
"481","USC00139067",41.665,-91.9978
"482","USC00140365",37.1942,-99.7633
"483","USC00140439",39.7994,-101.0422
"484","USC00140682",39.8186,-97.6378
"485","USC00140865",38.5636,-99.235
"486","USC00141522",37.8133,-100.3456
"487","USC00141559",39.3739,-97.1275
"488","USC00141704",37.2733,-99.3289
"489","USC00141740",37.1681,-94.83
"490","USC00141858",38.3703,-96.5483
"491","USC00142401",37.8183,-96.8444
"492","USC00142432",37.0058,-101.8867
"493","USC00142459",38.7297,-98.225
"494","USC00142835",37.8172,-94.6986
"495","USC00142894",37.5339,-95.8269
"496","USC00143008",38.28,-95.2178
"497","USC00143239",37.6025,-99.3022
"498","USC00143527",38.8586,-99.3358
"499","USC00143554",38.6003,-100.6197
"500","USC00143594",38.6656,-96.9494
"501","USC00143810",39.6678,-95.52
"502","USC00143837",39.3569,-100.4417
"503","USC00143855",37.1639,-101.34
"504","USC00143954",37.2364,-95.7003
"505","USC00144464",37.9411,-101.2492
"506","USC00144559",38.9583,-95.2514
"507","USC00144665",38.49,-101.3669
"508","USC00144695",37.0308,-100.9069
"509","USC00144712",39.0294,-98.13
"510","USC00144972",39.1972,-96.5814
"511","USC00145152",38.3772,-97.6097
"512","USC00145363",39.1247,-97.7047
"513","USC00145744",38.0231,-97.3553
"514","USC00145888",39.1131,-100.9447
"515","USC00145906",39.8228,-100.5164
"516","USC00146128",38.6133,-95.2808
"517","USC00146242",37.3678,-95.2881
"518","USC00146435",39.245,-99.3808
"519","USC00146549",37.6731,-98.7761
"520","USC00146637",39.0667,-100.2389
"521","USC00147093",39.7675,-101.8067
"522","USC00147271",38.4747,-100.9175
"523","USC00147305",37.1322,-96.18
"524","USC00147922",37.4414,-100.9792
"525","USC00148038",37.9928,-101.7417
"526","USC00148235",38.4661,-101.7731
"527","USC00148287",37.5983,-101.2908
"528","USC00148495",39.0147,-99.8722
"529","USC00148563",39.2142,-96.37
"530","USC00148670",37.2678,-97.4194
"531","USC00148964",37.2886,-96.9408
"532","USC00150254",38.4536,-82.6131
"533","USC00152040",37.6514,-84.7628
"534","USC00152791",38.1228,-83.5328
"535","USC00153430",37.2572,-85.5011
"536","USC00153762",37.7558,-87.6456
"537","USC00154703",37.5108,-86.2892
"538","USC00155097",37.1317,-86.1481
"539","USC00155243",38.6869,-83.7872
"540","USC00155694",36.6122,-88.3011
"541","USC00160098",31.3206,-92.4611
"542","USC00160537",32.7314,-91.9144
"543","USC00161411",32.5372,-92.3597
"544","USC00161565",30.1981,-91.1256
"545","USC00162534",30.0719,-91.0278
"546","USC00163313",29.8233,-91.5442
"547","USC00163979",29.8894,-93.4019
"548","USC00165090",32.8067,-91.173
"549","USC00165266",31.1417,-93.2397
"550","USC00166394",29.6833,-91.1761
"551","USC00168067",32.51,-92.6503
"552","USC00168163",31.9497,-91.2336
"553","USC00168923",32.3994,-91.1842
"554","USC00169806",32.0997,-91.7022
"555","USC00170480",44.3953,-68.9894
"556","USC00172765",44.6894,-70.1564
"557","USC00172878",47.2386,-68.6119
"558","USC00173046",44.2203,-69.7889
"559","USC00174927",44.7975,-69.8889
"560","USC00176937",46.6539,-68.0089
"561","USC00179891",45.1542,-67.3986
"562","USC00181750",39.2167,-76.0519
"563","USC00181790",39.6403,-77.6978
"564","USC00186620",39.4131,-79.4003
"565","USC00188000",38.365,-75.5892
"566","USC00188380",38.2317,-75.3761
"567","USC00190120",42.3861,-72.5375
"568","USC00190736",42.2122,-71.1136
"569","USC00190860",42.0475,-71.0081
"570","USC00192451",41.7653,-70.6697
"571","USC00192501",41.3853,-70.5181
"572","USC00194105",42.6992,-71.1658
"573","USC00194744",42.5933,-71.0186
"574","USC00196486",41.9819,-70.6961
"575","USC00200032",41.9164,-84.0164
"576","USC00200146",43.3869,-84.6481
"577","USC00200417",43.8081,-82.9939
"578","USC00200446",43.9006,-85.8506
"579","USC00200710",42.1244,-86.4267
"580","USC00200864",42.3839,-85.9625
"581","USC00201476",42.55,-84.825
"582","USC00201492",45.6522,-84.4725
"583","USC00201675",41.9622,-84.9925
"584","USC00202381",45.1517,-85.1325
"585","USC00202423",44.2839,-83.5036
"586","USC00202445",42.0153,-86.243
"587","USC00203391",44.6547,-84.6997
"588","USC00203429",43.2025,-85.2422
"589","USC00203504",42.3942,-85.385
"590","USC00203529",44.4633,-83.7217
"591","USC00203661",42.6419,-85.2881
"592","USC00203823",41.9353,-84.6411
"593","USC00203858",42.7989,-86.205
"594","USC00203932",44.3119,-84.8922
"595","USC00204104",46.4656,-90.1892
"596","USC00204502",44.3089,-85.205
"597","USC00204954",43.9067,-86.3942
"598","USC00205073",45.9511,-86.2514
"599","USC00205452",42.5794,-83.6844
"600","USC00206184",45.4108,-84.2233
"601","USC00206300",43.0161,-84.18
"602","USC00206680",42.975,-82.4194
"603","USC00207280",43.0128,-84.5547
"604","USC00207690",42.4014,-86.2825
"605","USC00207812",46.0556,-88.6275
"606","USC00207820",44.0125,-83.8978
"607","USC00208184",41.93,-85.6386
"608","USC00208417",45.1703,-84.4397
"609","USC00208800",44.2542,-84.2011
"610","USC00210018",47.2992,-96.5161
"611","USC00210075",43.6064,-93.3019
"612","USC00210287",45.3856,-96.1258
"613","USC00210355",43.6542,-92.9739
"614","USC00210746",48.1969,-93.7994
"615","USC00211263",44.7183,-96.2697
"616","USC00211630",46.7053,-92.5239
"617","USC00211891",47.8186,-96.6139
"618","USC00212142",46.8372,-95.8375
"619","USC00212698",43.6447,-94.4656
"620","USC00213282",47.7517,-90.3283
"621","USC00213290",43.7047,-92.5644
"622","USC00213303",47.2436,-93.4975
"623","USC00214106",47.2256,-95.1919
"624","USC00214652",47.2467,-94.2228
"625","USC00214778",45.1281,-94.5347
"626","USC00214793",46.0039,-94.345
"627","USC00214861",45.9647,-94.8892
"628","USC00214994",45.0022,-96.1661
"629","USC00215204",44.4717,-95.7903
"630","USC00215392",45.7533,-93.6617
"631","USC00215400",45.1219,-95.9269
"632","USC00215563",44.9342,-95.7458
"633","USC00215598",46.4378,-92.7578
"634","USC00215615",45.8775,-93.3147
"635","USC00215638",45.59,-95.8744
"636","USC00216547",46.6694,-94.1089
"637","USC00216565",44.0139,-96.3258
"638","USC00216612",47.2508,-93.5861
"639","USC00216787",47.8794,-96.2844
"640","USC00217405",44.3222,-93.9656
"641","USC00217460",46.7953,-93.3211
"642","USC00218419",47.0258,-91.6653
"643","USC00218579",46.3939,-95.1494
"644","USC00218679",48.8947,-95.3303
"645","USC00218692",44.0708,-93.5264
"646","USC00218907",45.8081,-96.5042
"647","USC00219033",43.8769,-95.1158
"648","USC00219046",43.7639,-94.1661
"649","USC00219249",44.2997,-92.6656
"650","USC00220021",33.83,-88.5214
"651","USC00220488",34.3061,-89.9806
"652","USC00220660",33.1772,-90.4919
"653","USC00220792",30.3931,-89.0008
"654","USC00220955",34.6344,-88.5622
"655","USC00221094",31.5447,-90.4581
"656","USC00221389",32.6714,-90.0361
"657","USC00221707",34.1864,-90.5572
"658","USC00221865",31.2503,-89.8361
"659","USC00221962",34.8792,-88.6178
"660","USC00222896",33.5628,-89.2358
"661","USC00223107",32.36,-89.4208
"662","USC00223605",33.3592,-91.06
"663","USC00223887",31.2547,-89.3392
"664","USC00223975",34.8039,-90.0103
"665","USC00224776",33.0583,-89.5797
"666","USC00224939",31.6756,-89.1236
"667","USC00225247",33.1356,-89.0711
"668","USC00225987",31.5519,-90.1058
"669","USC00226009",33.4517,-90.5097
"670","USC00226177",31.5889,-91.3408
"671","USC00227128",30.8408,-89.5453
"672","USC00227132",31.985,-90.9719
"673","USC00228374",33.4692,-88.7822
"674","USC00228445",33.4311,-90.9108
"675","USC00229079",34.3725,-89.5308
"676","USC00229400",34.1583,-89.6311
"677","USC00230204",38.1894,-94.0244
"678","USC00230608",40.2575,-94.0269
"679","USC00230789",37.6164,-93.3914
"680","USC00230980",39.765,-93.0594
"681","USC00231037",39.4247,-93.1331
"682","USC00231145",38.2611,-94.405
"683","USC00231275",40.1439,-91.5158
"684","USC00231340",39.3594,-93.4886
"685","USC00231674",37.1319,-90.7756
"686","USC00231711",38.395,-93.7711
"687","USC00231822",40.2394,-94.6833
"688","USC00232289",36.6206,-90.8125
"689","USC00232503",38.3486,-92.5811
"690","USC00232591",39.1558,-90.7831
"691","USC00232809",37.7919,-90.4097
"692","USC00233079",38.8483,-91.9419
"693","USC00233601",39.7231,-91.3747
"694","USC00234226",37.3781,-89.6678
"695","USC00234271",38.5847,-92.1831
"696","USC00234544",40.2058,-92.5747
"697","USC00234694",38.2042,-92.6233
"698","USC00234705",37.5983,-94.2842
"699","USC00234825",37.685,-92.6939
"700","USC00234919",37.5544,-91.8833
"701","USC00235027",37.3908,-93.9492
"702","USC00235253",37.3056,-89.975
"703","USC00235340",40.3458,-94.8342
"704","USC00235976",36.865,-94.3603
"705","USC00235987",37.8394,-94.3739
"706","USC00236791",36.7578,-90.4056
"707","USC00237263",37.9567,-91.7761
"708","USC00237397",38.8142,-90.5139
"709","USC00237506",37.6339,-91.5361
"710","USC00237514",39.4247,-92.8106
"711","USC00237632",38.6753,-93.2228
"712","USC00237720",39.6828,-92.0464
"713","USC00238051",39.9703,-91.8875
"714","USC00238223",38.9664,-93.4194
"715","USC00238700",36.9231,-90.2836
"716","USC00238777",37.8131,-92.2317
"717","USC00240364",47.4925,-112.3969
"718","USC00240755",47.8769,-114.0336
"719","USC00240770",48.1353,-110.0636
"720","USC00240780",45.8325,-109.9511
"721","USC00240802",45.7717,-108.4811
"722","USC00241044",45.6622,-111.0464
"723","USC00241102",45.3261,-108.9092
"724","USC00241127",45.4442,-105.4072
"725","USC00241552",47.2192,-111.7108
"726","USC00241692",48.5092,-110.9694
"727","USC00241722",48.5883,-109.2267
"728","USC00241737",47.8206,-112.1922
"729","USC00241938",45.6444,-109.2675
"730","USC00241974",48.1736,-111.9503
"731","USC00242122",48.1475,-104.5175
"732","USC00242409",45.2089,-112.6389
"733","USC00242689",45.8864,-104.5478
"734","USC00242793",45.3394,-111.7122
"735","USC00242857",47.615,-111.9861
"736","USC00243013",46.8217,-108.3725
"737","USC00243110",48.4983,-109.8014
"738","USC00243113",47.8303,-110.6611
"739","USC00243489",47.6011,-112.7547
"740","USC00243581",47.1058,-104.7175
"741","USC00243617",48.9753,-111.3989
"742","USC00243885",46.2461,-114.1681
"743","USC00244038",44.8667,-111.3392
"744","USC00244241",46.9908,-112.0117
"745","USC00244345",45.9228,-108.2453
"746","USC00244358",46.2897,-107.2306
"747","USC00244522",47.3144,-106.9103
"748","USC00244558",48.3042,-114.2642
"749","USC00244820",44.5994,-111.8125
"750","USC00245015",48.4036,-115.5392
"751","USC00245030",44.6331,-112.5928
"752","USC00245572",48.4828,-104.4514
"753","USC00245596",46.6008,-107.8706
"754","USC00245761",47.0572,-109.9511
"755","USC00246157",45.4875,-111.6336
"756","USC00246238",48.6956,-106.3153
"757","USC00246601",46.4178,-104.5164
"758","USC00246862",45.9717,-109.2536
"759","USC00246918",45.1769,-109.2572
"760","USC00247214",46.4381,-108.5319
"761","USC00247382",47.4536,-104.3378
"762","USC00247448",47.2142,-113.5203
"763","USC00247620",48.9981,-110.2158
"764","USC00247894",46.5136,-114.0911
"765","USC00248363",45.9467,-111.4758
"766","USC00248501",48.3119,-112.2492
"767","USC00248569",47.88,-105.3686
"768","USC00248597",45.2925,-111.9444
"769","USC00248777",48.8744,-104.0503
"770","USC00248957",46.9878,-104.1567
"771","USC00249033",47.5597,-109.3767
"772","USC00250050",42.5467,-99.8517
"773","USC00250365",41.5697,-101.6917
"774","USC00250375",41.0408,-96.3811
"775","USC00250420",42.5136,-99.0303
"776","USC00250640",40.1306,-99.8278
"777","USC00250760",40.0644,-101.5436
"778","USC00250865",41.0653,-102.0711
"779","USC00251145",41.6681,-103.1039
"780","USC00251200",41.4083,-99.675
"781","USC00251365",42.9131,-98.8511
"782","USC00251415",40.2847,-100.1433
"783","USC00251560",41.1222,-98.0283
"784","USC00251575",42.8083,-103.0533
"785","USC00251825",41.4639,-97.3278
"786","USC00252000",41.7608,-102.4378
"787","USC00252020",40.6092,-96.8719
"788","USC00252065",40.2317,-100.8303
"789","USC00252100",40.6344,-100.5219
"790","USC00252205",41.2483,-97.0581
"791","USC00252805",42.2611,-98.3417
"792","USC00252820",40.0739,-97.1669
"793","USC00252840",40.6422,-97.5928
"794","USC00253050",41.43,-96.4669
"795","USC00253175",40.5394,-97.5906
"796","USC00253365",40.9394,-100.1514
"797","USC00253615",42.6858,-103.8842
"798","USC00253630",42.6167,-97.2608
"799","USC00253660",40.6472,-98.3836
"800","USC00253735",40.175,-97.5903
"801","USC00253910",40.4517,-99.3803
"802","USC00254110",40.5092,-101.6514
"803","USC00254335",40.7258,-99.0133
"804","USC00254440",41.2453,-103.6344
"805","USC00254455",41.2097,-101.6706
"806","USC00254985",41.2789,-98.9697
"807","USC00255090",40.8508,-101.5428
"808","USC00255310",40.2289,-100.61
"809","USC00255565",40.5156,-98.9514
"810","USC00255925",42.6008,-99.3333
"811","USC00256135",42.0644,-97.9667
"812","USC00256200",41.1275,-101.7206
"813","USC00256290",42.4594,-98.6564
"814","USC00256375",41.1844,-97.5514
"815","USC00256385",41.4014,-102.3464
"816","USC00256570",40.1117,-96.1514
"817","USC00256970",42.065,-100.2472
"818","USC00257040",41.0319,-98.9214
"819","USC00257070",40.0978,-98.5197
"820","USC00257715",40.9169,-97.0897
"821","USC00257830",41.2294,-103.0214
"822","USC00258090",42.8389,-99.7781
"823","USC00258395",40.6661,-96.1892
"824","USC00258465",40.3544,-96.1939
"825","USC00258480",41.7881,-96.2325
"826","USC00258915",42.3017,-96.9003
"827","USC00259200",41.845,-96.7142
"828","USC00260507",39.4931,-117.0675
"829","USC00260795",40.5903,-116.475
"830","USC00261358",37.6128,-114.5264
"831","USC00261485",39.1253,-119.7678
"832","USC00262243",36.4381,-115.36
"833","USC00262780",39.4572,-118.7811
"834","USC00263205",39.0753,-119.9411
"835","USC00263957",40.6564,-118.1631
"836","USC00264698",40.17,-118.4775
"837","USC00264950",39.4142,-114.7739
"838","USC00265168",38.3878,-118.1092
"839","USC00265191",38.9547,-119.7758
"840","USC00265352",41.2781,-114.1706
"841","USC00266252",37.9339,-114.4522
"842","USC00267123",40.2022,-115.493
"843","USC00267192",40.4661,-118.3047
"844","USC00267369",35.4661,-114.9217
"845","USC00269229",38.9992,-119.1575
"846","USC00270690",44.4536,-71.1856
"847","USC00272174",43.1419,-70.95
"848","USC00272999",45.09,-71.2906
"849","USC00273850",43.7053,-72.2856
"850","USC00274399",42.9389,-72.3247
"851","USC00275211",42.9892,-71.3933
"852","USC00275712",42.7914,-71.4736
"853","USC00276818",44.2581,-71.2525
"854","USC00280907",40.8917,-74.3964
"855","USC00281335",40.7436,-74.3539
"856","USC00281351",38.9533,-74.9361
"857","USC00281582",41.03,-74.4247
"858","USC00283029",40.5742,-74.8817
"859","USC00283951",40.2664,-74.5642
"860","USC00284229",39.7994,-74.7806
"861","USC00288644",41.2186,-74.6211
"862","USC00290377",35.8742,-103.1819
"863","USC00290600",32.7547,-104.3836
"864","USC00290640",34.075,-107.6211
"865","USC00290692",36.835,-108.0006
"866","USC00291063",36.6669,-107.9603
"867","USC00291138",33.8044,-106.8908
"868","USC00291286",32.8964,-107.3078
"869","USC00291469",32.3478,-104.2225
"870","USC00291480",32.1783,-104.4433
"871","USC00291515",33.6308,-105.8964
"872","USC00291630",36.7408,-105.5956
"873","USC00291647",36.0286,-107.9106
"874","USC00291664",36.9178,-106.5781
"875","USC00291813",36.4661,-104.9456
"876","USC00292030",35.4072,-104.1906
"877","USC00292510",35.1842,-105.0569
"878","USC00292608",36.9358,-107
"879","USC00292700",36.5575,-105.2628
"880","USC00292785",35.0381,-108.3492
"881","USC00292837",36.5928,-106.73
"882","USC00293060",34.8242,-106.0344
"883","USC00293649",34.2594,-106.0931
"884","USC00293706",36.5939,-103.6192
"885","USC00294026",32.7264,-103.1314
"886","USC00294369",35.7783,-106.6872
"887","USC00294426",32.6161,-106.7403
"888","USC00294742",36.9825,-104.3753
"889","USC00295273",33.8225,-108.9417
"890","USC00295617",34.4278,-103.625
"891","USC00295937",35.8022,-103.9439
"892","USC00295960",32.9542,-105.8222
"893","USC00295965",34.5208,-106.2606
"894","USC00296619",36.2994,-103.7408
"895","USC00296676",35.5489,-105.6886
"896","USC00297008",34.1742,-103.3519
"897","USC00297323",36.71,-105.4164
"898","USC00297867",35.1086,-103.3283
"899","USC00298387",34.0606,-106.8842
"900","USC00299156",35.2006,-103.6867
"901","USC00299330",35.8167,-104.9244
"902","USC00300063",42.4697,-73.9267
"903","USC00300085",42.2797,-77.7664
"904","USC00300093",42.1003,-78.7497
"905","USC00300183",42.3108,-78.0231
"906","USC00300443",43.0297,-78.1683
"907","USC00300889",40.9519,-72.2978
"908","USC00301152",42.845,-77.2808
"909","USC00301752",42.7167,-74.9267
"910","USC00301966",44.7192,-73.7206
"911","USC00301974",42.5647,-77.7175
"912","USC00302129",41.0072,-73.8344
"913","USC00302610",42.0997,-76.8358
"914","USC00303033",42.4497,-79.312
"915","USC00303773",42.7742,-77.6083
"916","USC00304102",43.7547,-74.2756
"917","USC00304174",42.4492,-76.4492
"918","USC00304555",44.3042,-73.9839
"919","USC00304731",41.8017,-74.74
"920","USC00304808",42.2472,-78.8125
"921","USC00304912",43.7928,-75.4828
"922","USC00305426",41.7719,-74.1536
"923","USC00306085",42.5117,-75.5197
"924","USC00306164",44.7281,-75.4442
"925","USC00306314",43.45,-76.5369
"926","USC00306538",44.5656,-73.5706
"927","USC00306774",41.3892,-74.6906
"928","USC00307134",40.9625,-72.7161
"929","USC00307842",43.2358,-77.0842
"930","USC00308248",43.8914,-75.0361
"931","USC00309000",43.9761,-75.8753
"932","USC00309292",41.3906,-73.9608
"933","USC00309389",43.5575,-73.4011
"934","USC00310090",35.4,-80.1994
"935","USC00310286",35.7083,-79.8381
"936","USC00311677",35.9086,-79.0797
"937","USC00311975",35.4136,-80.5639
"938","USC00312102",35.0603,-83.43
"939","USC00312200",35.3117,-83.1747
"940","USC00312635",36.0164,-76.5517
"941","USC00312719",36.3097,-76.205
"942","USC00313017",35.0592,-78.8589
"943","USC00313228",35.1803,-83.3931
"944","USC00313969",36.3489,-78.4119
"945","USC00313976",35.3297,-82.4492
"946","USC00314055",35.0564,-83.1983
"947","USC00314063",35.9675,-79.9708
"948","USC00314684",35.1967,-77.5433
"949","USC00314860",34.7503,-79.4664
"950","USC00314938",35.9147,-81.5375
"951","USC00314970",35.8456,-80.26
"952","USC00315123",36.1025,-78.3042
"953","USC00315177",34.6269,-79.025
"954","USC00315340",35.6847,-82.0083
"955","USC00315356",35.8033,-82.6658
"956","USC00315771",34.9797,-80.5233
"957","USC00315838",35.7297,-81.6728
"958","USC00316805",35.2719,-82.6478
"959","USC00316853",35.8722,-76.6592
"960","USC00317079",35.7908,-78.6989
"961","USC00317615",35.6836,-80.4822
"962","USC00317845",35.3111,-81.5708
"963","USC00317924",35.7608,-79.4625
"964","USC00317994",35.5175,-78.3444
"965","USC00318113",33.9947,-78.0078
"966","USC00318292",35.81,-80.8808
"967","USC00318500",35.8842,-77.5386
"968","USC00318694",36.4003,-81.3053
"969","USC00318744",35.2058,-82.2517
"970","USC00318964",34.9589,-80.0775
"971","USC00319123",35.7744,-83.0997
"972","USC00319147",35.4867,-82.9681
"973","USC00319423",34.6606,-78.0453
"974","USC00319476",35.6939,-77.9461
"975","USC00320382",46.0406,-99.3742
"976","USC00320626",48.8411,-99.7514
"977","USC00320941",48.8217,-100.4528
"978","USC00320995",46.1936,-103.3714
"979","USC00321225",47.7947,-100.5847
"980","USC00321435",48.8625,-97.7014
"981","USC00321456",47.0644,-101.2119
"982","USC00321766",47.405,-98.0381
"983","USC00321871",48.9158,-103.2981
"984","USC00322188",46.8914,-102.7792
"985","USC00322525",48.4583,-98.5169
"986","USC00323117",46.0333,-97.595
"987","USC00323217",48.4583,-101.5697
"988","USC00323287",46.1583,-98.3989
"989","USC00323621",47.9217,-97.0975
"990","USC00324418",46.8844,-98.685
"991","USC00324958",48.7622,-98.3447
"992","USC00325479",46.8128,-100.9097
"993","USC00325638",47.8214,-101.2922
"994","USC00325710",47.4828,-100.445
"995","USC00325730",47.5808,-98.6422
"996","USC00325754",46.3911,-97.2392
"997","USC00325993",48.1803,-101.2964
"998","USC00326025",48.7603,-101.5089
"999","USC00326255",46.5067,-99.7692
"1000","USC00326315",46.5406,-102.8692
"1001","USC00326365",46.8925,-101.4897
"1002","USC00327027",48.0356,-98.0097
"1003","USC00327530",46.8886,-102.3192
"1004","USC00328276",48.3567,-102.4117
"1005","USC00328792",48.3706,-100.3908
"1006","USC00328840",47.5214,-100.8883
"1007","USC00329333",48.9097,-101.0192
"1008","USC00329445",48.6061,-100.2911
"1009","USC00330563",40.3536,-83.7753
"1010","USC00330862",41.3831,-83.6111
"1011","USC00331072",40.8125,-82.9697
"1012","USC00331458",41.5872,-81.1914
"1013","USC00331541",41.0517,-81.9361
"1014","USC00331592",39.6103,-82.9556
"1015","USC00331783",39.9047,-82.92
"1016","USC00331890",40.2403,-81.8711
"1017","USC00332067",39.7817,-84.1903
"1018","USC00332098",41.2783,-84.3847
"1019","USC00332791",41.0461,-83.6622
"1020","USC00333029",38.8208,-82.1817
"1021","USC00333375",40.1033,-84.6503
"1022","USC00333758",39.2333,-83.6092
"1023","USC00333780",41.3072,-81.1475
"1024","USC00334004",39.0792,-82.7064
"1025","USC00334551",40.7247,-84.1294
"1026","USC00334874",40.7606,-82.6167
"1027","USC00334942",40.6142,-83.13
"1028","USC00334979",40.1939,-83.2675
"1029","USC00335041",39.6522,-81.8561
"1030","USC00335315",40.7692,-80.8561
"1031","USC00335857",39.7331,-82.2156
"1032","USC00336118",41.2633,-82.6147
"1033","USC00336465",41.1247,-84.5919
"1034","USC00336600",39.8386,-81.9167
"1035","USC00336781",38.7569,-82.8872
"1036","USC00338025",40.3764,-80.6283
"1037","USC00338534",40.8333,-83.2833
"1038","USC00338552",40.0992,-83.7822
"1039","USC00338609",40.8494,-84.5808
"1040","USC00338769",41.2019,-80.8106
"1041","USC00338822",41.5183,-84.1453
"1042","USC00338830",39.1114,-82.9797
"1043","USC00339219",39.4911,-83.82
"1044","USC00339312",40.7814,-81.9197
"1045","USC00339361",39.6042,-83.9072
"1046","USC00340184",34.8847,-99.2964
"1047","USC00340224",35.0619,-98.1989
"1048","USC00340593",36.8125,-100.5308
"1049","USC00342318",35.9803,-96.7758
"1050","USC00342912",36.4194,-97.8747
"1051","USC00343304",36.5442,-99.535
"1052","USC00343628",36.5914,-101.6181
"1053","USC00344055",36.0942,-97.835
"1054","USC00344298",36.8594,-101.2214
"1055","USC00344451",33.9336,-94.8278
"1056","USC00345468",34.0919,-96.7708
"1057","USC00345563",33.8761,-97.1642
"1058","USC00345779",35.505,-96.9772
"1059","USC00346130",35.7781,-95.3339
"1060","USC00346139",36.2283,-99.17
"1061","USC00346638",35.4253,-96.3033
"1062","USC00346935",36.6692,-96.3472
"1063","USC00347862",35.4572,-94.8047
"1064","USC00348042",35.2317,-96.6531
"1065","USC00348708",36.0406,-98.9625
"1066","USC00349278",34.3603,-98.3006
"1067","USC00349404",36.5758,-98.8797
"1068","USC00350304",42.2131,-122.7147
"1069","USC00350471",43.1503,-124.4003
"1070","USC00350694",44.0569,-121.285
"1071","USC00351546",43.2292,-121.7894
"1072","USC00351643",46.1081,-123.2058
"1073","USC00351682",45.205,-123.8925
"1074","USC00351765",45.2408,-120.1789
"1075","USC00351862",44.6342,-123.19
"1076","USC00351897",43.7917,-123.0275
"1077","USC00351902",43.7178,-123.0578
"1078","USC00352112",44.9464,-123.2911
"1079","USC00352406",43.6592,-123.325
"1080","USC00352440",45.4539,-121.1303
"1081","USC00352693",45.2694,-122.3167
"1082","USC00352867",44.0494,-123.3703
"1083","USC00352997",45.5247,-123.1025
"1084","USC00353038",44.9983,-120.2175
"1085","USC00353445",42.4239,-123.3219
"1086","USC00353542",44.5181,-120.94
"1087","USC00353692",42.5486,-119.6558
"1088","USC00353770",45.4486,-122.1547
"1089","USC00353827",45.3653,-119.5639
"1090","USC00354003",45.6847,-121.5175
"1091","USC00354098",44.3564,-117.255
"1092","USC00354811",44.1014,-122.6886
"1093","USC00355139",44.6236,-121.11
"1094","USC00355160",43.9794,-117.0247
"1095","USC00355362",44.1792,-122.1164
"1096","USC00355384",45.2214,-123.1622
"1097","USC00355593",45.9428,-118.4089
"1098","USC00355734",45.4825,-120.7236
"1099","USC00356179",43.8764,-116.9903
"1100","USC00356213",43.7431,-122.4439
"1101","USC00356405",43.65,-117.2467
"1102","USC00356426",42.6922,-120.5403
"1103","USC00356883",44.3006,-120.8406
"1104","USC00356907",42.7331,-122.5164
"1105","USC00357169",42.9508,-123.3572
"1106","USC00357641",45.9869,-123.9236
"1107","USC00358029",43.4869,-119.7211
"1108","USC00358466",45.1219,-122.07
"1109","USC00358797",43.9814,-117.2439
"1110","USC00358997",45.5731,-117.5311
"1111","USC00359316",43.6825,-121.6875
"1112","USC00360868",41.8981,-78.7144
"1113","USC00361354",39.9353,-77.6394
"1114","USC00361485",41.1922,-79.4361
"1115","USC00361705",39.7994,-79.3664
"1116","USC00362190",40.1636,-79.8694
"1117","USC00362942",40.715,-79.5133
"1118","USC00363028",41.4003,-79.8306
"1119","USC00364214",40.5972,-79.1186
"1120","USC00364325",41.4992,-80.4681
"1121","USC00364432",41.6769,-78.8036
"1122","USC00364992",40.5864,-77.5692
"1123","USC00366233",41.0172,-80.3614
"1124","USC00366927",40.1208,-75.4878
"1125","USC00367229",40.9247,-79.2825
"1126","USC00367477",41.4197,-78.7492
"1127","USC00368073",40.0592,-77.5214
"1128","USC00368449",40.7933,-77.8672
"1129","USC00368596",41.0147,-75.2072
"1130","USC00368873",41.4792,-79.4433
"1131","USC00369050",39.915,-79.7192
"1132","USC00369298",41.8467,-79.1494
"1133","USC00369933",39.9167,-76.75
"1134","USC00374266",41.4903,-71.5431
"1135","USC00380165",34.5283,-82.6608
"1136","USC00380736",34.2244,-80.2192
"1137","USC00381277",34.0906,-82.5883
"1138","USC00381588",34.7028,-79.8822
"1139","USC00381633",34.6844,-81.1956
"1140","USC00381770",34.6603,-82.8233
"1141","USC00381944",33.9917,-81.0247
"1142","USC00381997",33.8314,-79.0558
"1143","USC00382260",34.3011,-79.8767
"1144","USC00382386",34.4092,-79.3564
"1145","USC00383111",34.2933,-79.74
"1146","USC00384886",33.8642,-79.7297
"1147","USC00385017",34.4989,-82.0219
"1148","USC00385200",34.1994,-81.4144
"1149","USC00385633",34.7056,-79.5683
"1150","USC00386688",34.3058,-81.3319
"1151","USC00387631",33.9919,-81.7714
"1152","USC00387722",34.635,-81.5206
"1153","USC00388426",33.0367,-80.2325
"1154","USC00388440",33.935,-80.3478
"1155","USC00388887",34.7544,-83.075
"1156","USC00389327",34.3706,-81.0825
"1157","USC00389350",34.9378,-81.0375
"1158","USC00390043",43.4894,-99.0628
"1159","USC00390128",43.6514,-97.7981
"1160","USC00390559",44.6714,-103.8511
"1161","USC00391049",45.7886,-97.7489
"1162","USC00391076",44.325,-96.7686
"1163","USC00391294",45.5489,-103.9744
"1164","USC00391392",43.3111,-96.5878
"1165","USC00391519",44.7269,-97.0261
"1166","USC00391579",43.0428,-96.9033
"1167","USC00391739",44.8817,-97.7325
"1168","USC00391972",43.9611,-101.8606
"1169","USC00392087",43.7744,-103.6119
"1170","USC00392302",44.3825,-97.5497
"1171","USC00392429",45.0469,-101.6022
"1172","USC00392797",45.7656,-99.6222
"1173","USC00392927",45.0325,-99.1225
"1174","USC00392984",44.0517,-96.5928
"1175","USC00393029",44.0683,-98.0833
"1176","USC00393294",45.0197,-99.9403
"1177","USC00393452",43.2356,-99.4342
"1178","USC00393832",44.5139,-99.4422
"1179","USC00394007",43.4378,-103.4739
"1180","USC00394037",44.0122,-97.5317
"1181","USC00394516",43.9025,-99.8581
"1182","USC00394834",44.3544,-103.743
"1183","USC00394864",45.9397,-102.1575
"1184","USC00394983",43.46,-101.4956
"1185","USC00395048",45.785,-103.3719
"1186","USC00395381",45.8383,-101.2769
"1187","USC00395456",45.155,-98.5825
"1188","USC00395481",43.2358,-97.5714
"1189","USC00395561",44.5178,-98.9814
"1190","USC00395891",43.8878,-100.7075
"1191","USC00396054",44.7136,-103.4258
"1192","USC00396212",43.1878,-103.2372
"1193","USC00396712",45.9033,-100.2878
"1194","USC00397062",45.3767,-103.3675
"1195","USC00397742",45.6656,-97.0394
"1196","USC00397882",44.4975,-103.8717
"1197","USC00398307",45.4283,-101.0764
"1198","USC00398472",42.9917,-97.8703
"1199","USC00398622",42.7625,-96.9194
"1200","USC00399232",43.6872,-98.6717
"1201","USC00399367",43.3686,-99.8403
"1202","USC00399442",43.4989,-100.4814
"1203","USC00400081",36.3806,-84.8744
"1204","USC00400876",35.2622,-88.9892
"1205","USC00401145",35.5894,-89.2586
"1206","USC00401790",36.5472,-87.3353
"1207","USC00402108",35.5497,-89.7
"1208","USC00402202",36.0147,-85.1314
"1209","USC00402489",36.075,-87.3958
"1210","USC00402589",36.4819,-87.8628
"1211","USC00403280",35.9417,-86.8686
"1212","USC00403420",35.6878,-83.5372
"1213","USC00403679",36.1056,-82.8436
"1214","USC00404561",35.6214,-88.8456
"1215","USC00404858",36.5194,-82.5275
"1216","USC00405187",35.4139,-86.8086
"1217","USC00405681",36.3444,-88.8636
"1218","USC00405882",35.6722,-85.7811
"1219","USC00406012",35.9328,-88.7267
"1220","USC00406162",35.2242,-85.8414
"1221","USC00406371",35.9203,-86.3728
"1222","USC00406534",35.9833,-83.2008
"1223","USC00406977",36.2872,-88.2958
"1224","USC00407884",36.4161,-82.9839
"1225","USC00408065",36.4528,-89.3028
"1226","USC00408108",35.1525,-88.3214
"1227","USC00408562",36.4711,-86.8414
"1228","USC00409155",35.3453,-86.2089
"1229","USC00409219",36.3925,-89.0317
"1230","USC00409502",35.3042,-87.7592
"1231","USC00410120",32.7047,-99.3011
"1232","USC00410174",30.3764,-103.66
"1233","USC00410235",29.7878,-94.6342
"1234","USC00410257",29.1572,-95.4592
"1235","USC00410498",30.9839,-103.7408
"1236","USC00410569",28.9797,-95.975
"1237","USC00410639",28.4575,-97.7061
"1238","USC00410832",30.095,-98.4142
"1239","USC00410902",29.7986,-98.7353
"1240","USC00411017",31.1444,-99.3492
"1241","USC00411048",30.1592,-96.3972
"1242","USC00411063",33.2064,-97.7761
"1243","USC00411138",31.7228,-99.0142
"1244","USC00411800",32.3139,-97.4061
"1245","USC00412019",32.1225,-96.4867
"1246","USC00412121",33.6608,-101.2778
"1247","USC00412266",29.0567,-96.2319
"1248","USC00412679",28.7569,-100.4792
"1249","USC00413063",27.1353,-98.1203
"1250","USC00413183",29.6339,-97.0644
"1251","USC00413280",30.9072,-102.9153
"1252","USC00413329",30.2392,-98.9089
"1253","USC00413485",31.4144,-97.7019
"1254","USC00413618",28.6617,-97.385
"1255","USC00413668",33.1203,-98.5669
"1256","USC00413734",33.1678,-96.0983
"1257","USC00413873",29.4706,-96.9397
"1258","USC00413943",26.2028,-97.6728
"1259","USC00414081",32.1828,-94.7967
"1260","USC00414098",34.8172,-102.4003
"1261","USC00414182",32.0161,-97.1094
"1262","USC00414382",30.7064,-95.5422
"1263","USC00414517",33.2064,-98.1689
"1264","USC00414705",32.5589,-96.2725
"1265","USC00415013",32.7228,-101.9456
"1266","USC00415196",30.0592,-94.795
"1267","USC00415271",30.7394,-94.9256
"1268","USC00415272",30.7425,-98.6542
"1269","USC00415429",29.6756,-97.6578
"1270","USC00415611",31.305,-96.8767
"1271","USC00415618",32.4892,-94.3289
"1272","USC00415659",28.6836,-95.9733
"1273","USC00415701",26.1922,-98.2503
"1274","USC00415707",31.1331,-102.2217
"1275","USC00415721",26.565,-98.1236
"1276","USC00415821",34.7261,-100.5372
"1277","USC00415891",32.0186,-102.0258
"1278","USC00416104",30.6711,-104.0231
"1279","USC00416108",33.1631,-95.0097
"1280","USC00416135",34.2192,-102.7328
"1281","USC00416276",29.6597,-98.1636
"1282","USC00416794",33.6744,-95.5586
"1283","USC00417020",29.2353,-96.1817
"1284","USC00417079",34.1892,-101.7022
"1285","USC00417215",29.0281,-98.5686
"1286","USC00417458",26.4644,-97.7847
"1287","USC00417622",26.3769,-98.8117
"1288","USC00417743",32.4481,-100.5264
"1289","USC00417841",31.8092,-95.1428
"1290","USC00417983",29.8833,-97.9494
"1291","USC00418274",33.7033,-96.6419
"1292","USC00418433",32.71,-100.9111
"1293","USC00418692",36.4414,-102.0775
"1294","USC00418728",29.6197,-95.6575
"1295","USC00418743",33.1481,-95.6269
"1296","USC00418818",33.17,-101.81
"1297","USC00419532",32.7483,-97.77
"1298","USC00419588",26.1781,-97.9708
"1299","USC00419800",32.7019,-96.015
"1300","USC00420086",37.4403,-112.4819
"1301","USC00420738",37.6133,-109.4847
"1302","USC00420788",37.2825,-109.5575
"1303","USC00421759",40.6189,-111.7836
"1304","USC00422101",39.2875,-112.6514
"1305","USC00422385",40.9656,-111.4336
"1306","USC00422592",37.7686,-111.5978
"1307","USC00422828",38.9603,-112.3239
"1308","USC00422996",40.2842,-109.8611
"1309","USC00423809",40.4917,-111.4261
"1310","USC00424342",40.3644,-109.3458
"1311","USC00424508",37.0286,-112.5361
"1312","USC00424856",41.8253,-111.3206
"1313","USC00425065",39.5608,-111.8653
"1314","USC00425186",41.7456,-111.8033
"1315","USC00425402",39.2583,-111.6308
"1316","USC00425582",37.1497,-109.8675
"1317","USC00425733",38.5744,-109.5458
"1318","USC00425969",40.1942,-110.0608
"1319","USC00426135",39.7119,-111.8319
"1320","USC00426357",39.3708,-112.3317
"1321","USC00426869",41.2578,-111.8378
"1322","USC00427260",38.7617,-112.0778
"1323","USC00427516",37.1189,-113.6067
"1324","USC00427686",39.9578,-111.7794
"1325","USC00427846",40.6011,-111.5839
"1326","USC00428119",40.08,-111.6047
"1327","USC00428771",40.5353,-112.3217
"1328","USC00429111",40.44,-109.5356
"1329","USC00429595",41.5147,-111.1594
"1330","USC00429717",37.2092,-112.9814
"1331","USC00431243",43.3847,-72.5989
"1332","USC00432769",44.9094,-72.8083
"1333","USC00435542",44.9489,-72.1911
"1334","USC00436995",43.6253,-72.9781
"1335","USC00437054",44.42,-72.0194
"1336","USC00441209",37.0908,-81.3364
"1337","USC00441593",38.0328,-78.5225
"1338","USC00441614",36.8219,-79.4103
"1339","USC00442208",38.4547,-78.9353
"1340","USC00442245",36.5628,-79.3633
"1341","USC00442941",37.2861,-78.4053
"1342","USC00444044",36.6831,-76.7683
"1343","USC00444101",37.2992,-77.2775
"1344","USC00444128",37.9994,-79.8322
"1345","USC00444876",37.7767,-79.4386
"1346","USC00444909",39.1422,-77.7094
"1347","USC00445050",38.0422,-78.0061
"1348","USC00445096",38.6661,-78.3728
"1349","USC00445300",36.7047,-79.8653
"1350","USC00445851",39.0642,-77.8883
"1351","USC00446712",38.2253,-78.1189
"1352","USC00447338",36.9769,-79.8961
"1353","USC00448062",38.1814,-79.0903
"1354","USC00448192",36.7297,-76.6014
"1355","USC00448829",37.7433,-77.04
"1356","USC00448894",37.9881,-76.7769
"1357","USC00449186",39.1083,-78.1525
"1358","USC00449263",38.9031,-78.4792
"1359","USC00449301",36.9364,-81.062
"1360","USC00450008",46.9658,-123.8292
"1361","USC00450176",48.5119,-122.6136
"1362","USC00450482",45.7717,-122.5286
"1363","USC00450729",48.9947,-122.7619
"1364","USC00450945",47.1694,-122.0036
"1365","USC00451233",47.4144,-121.7561
"1366","USC00451276",46.72,-122.9528
"1367","USC00451395",48.2733,-117.7411
"1368","USC00451484",48.9672,-122.3292
"1369","USC00451679",48.5397,-121.7422
"1370","USC00451767",47.9544,-118.9997
"1371","USC00451783",48.2072,-122.6914
"1372","USC00451992",48.2606,-121.6028
"1373","USC00452007",47.6636,-118.1614
"1374","USC00452030",46.3153,-118.0022
"1375","USC00452157",48.7142,-121.1431
"1376","USC00452531",47.0092,-123.4008
"1377","USC00452548",48.0164,-123.5906
"1378","USC00452675",47.9753,-122.195
"1379","USC00453546",46.7225,-118.6525
"1380","USC00454154",46.2111,-119.1011
"1381","USC00454338",46.8167,-117.8831
"1382","USC00454486",47.3767,-121.9614
"1383","USC00454679",47.0022,-118.5658
"1384","USC00454769",46.1372,-122.9781
"1385","USC00455224",47.1356,-122.2561
"1386","USC00455525",47.8453,-121.9944
"1387","USC00455659",45.9997,-121.5403
"1388","USC00455688",46.5053,-120.1678
"1389","USC00455704",47.1414,-121.9356
"1390","USC00455844",48.1844,-117.0478
"1391","USC00455946",48.8994,-117.8289
"1392","USC00456039",47.3331,-118.6961
"1393","USC00456096",48.6117,-122.8064
"1394","USC00456295",47.3089,-121.8556
"1395","USC00456610",46.4672,-117.5883
"1396","USC00456789",46.7603,-117.1861
"1397","USC00456846",47.8092,-122.9136
"1398","USC00456974",48.6461,-118.7369
"1399","USC00457015",46.3119,-119.2633
"1400","USC00457059",47.1175,-118.3714
"1401","USC00457180",47.2344,-117.3636
"1402","USC00457507",48.4958,-122.2355
"1403","USC00458034",47.8672,-121.7175
"1404","USC00458059",48.3508,-120.7264
"1405","USC00458207",46.3236,-120.0103
"1406","USC00458773",45.6775,-122.6514
"1407","USC00458959",46.4353,-120.4203
"1408","USC00459012",47.6497,-120.08
"1409","USC00459074",47.4289,-120.31
"1410","USC00459238",47.7681,-118.7239
"1411","USC00459376",48.4742,-120.1886
"1412","USC00460527",39.2728,-79.3683
"1413","USC00460580",37.7647,-81.1942
"1414","USC00461220",38.9803,-80.22
"1415","USC00461677",39.2681,-80.3522
"1416","USC00462920",39.4583,-80.1353
"1417","USC00463544",38.9339,-80.8317
"1418","USC00463846",38.2794,-82.1114
"1419","USC00465224",37.8567,-80.4042
"1420","USC00465353",37.8664,-81.9844
"1421","USC00465365",38.1933,-81.37
"1422","USC00465563",38.1025,-81.8464
"1423","USC00465963",39.47,-80.8569
"1424","USC00466212",39.6203,-79.9697
"1425","USC00466591",37.9714,-81.1508
"1426","USC00467785",39.3419,-79.6697
"1427","USC00468384",38.8008,-81.3583
"1428","USC00469281",39.1058,-78.5808
"1429","USC00469436",39.0439,-80.4725
"1430","USC00469522",37.7883,-80.3083
"1431","USC00469683",38.5278,-81.9153
"1432","USC00470175",45.3011,-92.3631
"1433","USC00470265",44.2769,-88.4378
"1434","USC00470696",42.5039,-89.0311
"1435","USC00470904",45.0908,-91.4864
"1436","USC00471078",42.6181,-89.3867
"1437","USC00471568",44.0328,-88.1469
"1438","USC00471923",45.5331,-92.0225
"1439","USC00472173",42.9608,-90.1161
"1440","USC00472556",44.7303,-92.4586
"1441","USC00472839",43.7953,-88.4533
"1442","USC00472869",42.905,-88.8589
"1443","USC00473038",43.5706,-91.2294
"1444","USC00473058",43.2389,-88.1222
"1445","USC00473405",44.1186,-89.5358
"1446","USC00473698",45.2236,-91.1269
"1447","USC00474174",42.5608,-87.8156
"1448","USC00474195",44.4628,-87.505
"1449","USC00474482",43.0803,-88.8967
"1450","USC00474582",45.5119,-88.7594
"1451","USC00474937",43.2117,-91.0986
"1452","USC00474953",46.7781,-90.7653
"1453","USC00475017",44.0869,-87.6522
"1454","USC00475091",45.0983,-87.6236
"1455","USC00475120",44.6411,-90.1333
"1456","USC00475164",44.1747,-90.3483
"1457","USC00475286",46.3689,-90.6417
"1458","USC00475364",45.1786,-89.6617
"1459","USC00475474",43.0722,-88.0294
"1460","USC00475516",45.8864,-89.7322
"1461","USC00475563",44.5647,-91.6719
"1462","USC00475808",44.5378,-90.535
"1463","USC00475932",44.3586,-88.7189
"1464","USC00476200",43.1003,-88.5036
"1465","USC00476208",44.8919,-87.955
"1466","USC00476330",44.0206,-88.5578
"1467","USC00476357",44.9461,-90.5517
"1468","USC00476398",45.9336,-90.4506
"1469","USC00476678",43.73,-87.9714
"1470","USC00476718",43.5306,-89.4369
"1471","USC00476827",43.0514,-91.135
"1472","USC00476859",45.5447,-90.3017
"1473","USC00476922",42.7028,-87.7858
"1474","USC00477092",46.1222,-89.8772
"1475","USC00477113",45.5986,-89.4508
"1476","USC00477158",43.3314,-90.3889
"1477","USC00477226",44.8544,-92.6122
"1478","USC00477708",44.7631,-88.6183
"1479","USC00477997",43.9364,-90.8164
"1480","USC00478027",45.8236,-91.8761
"1481","USC00478171",44.5114,-89.5853
"1482","USC00478267",44.88,-87.3358
"1483","USC00478349",46.7269,-92.0719
"1484","USC00478827",43.5594,-90.8761
"1485","USC00478905",45.3583,-86.8911
"1486","USC00478919",43.1742,-88.7364
"1487","USC00478951",44.3547,-89.0594
"1488","USC00479236",45.7086,-89.8483
"1489","USC00479304",45.7992,-90.9947
"1490","USC00479319",43.6072,-89.7633
"1491","USC00481175",44.5075,-109.1675
"1492","USC00481730",41.7594,-104.8222
"1493","USC00481840",44.5022,-109.1111
"1494","USC00481905",44.8694,-104.1553
"1495","USC00482415",44.8925,-108.5931
"1496","USC00482725",43.4117,-104.9614
"1497","USC00483100",41.2625,-110.9456
"1498","USC00483855",44.2667,-105.4489
"1499","USC00484065",41.5167,-109.4703
"1500","USC00484910",43.4864,-110.7617
"1501","USC00485770",44.8378,-108.4039
"1502","USC00486195",43.4131,-106.2772
"1503","USC00486440",43.8567,-110.5889
"1504","USC00486660",43.8497,-104.1886
"1505","USC00487760",43.0306,-108.3744
"1506","USC00488160",44.8406,-106.8383
"1507","USC00488705",44.4122,-104.3567
"1508","USC00489615",42.1106,-104.9492
"1509","USC00489770",44.0114,-107.9683
"1510","USC00489905",44.9767,-110.6964
"1511","USC00505733",61.5664,-149.2542
"1512","USC00505778",63.7175,-148.9692
"1513","USC00509641",64.8569,-147.8611
"1514","USC00512679",20.8906,-156.2128
"1515","USC00512751",19.5342,-155.9256
"1516","USW00003122",33.8017,-118.3411
"1517","USW00003820",33.3653,-81.9636
"1518","USW00003959",36.7664,-96.0131
"1519","USW00012834",29.1736,-81.0719
"1520","USW00012835",26.585,-81.8614
"1521","USW00012842",27.9633,-82.54
"1522","USW00012844",26.685,-80.0992
"1523","USW00012918",29.6458,-95.2822
"1524","USW00012921",29.5442,-98.4839
"1525","USW00012926",27.6878,-97.2917
"1526","USW00012930",29.9167,-90.1303
"1527","USW00012935",28.7247,-96.2536
"1528","USW00013721",38.3,-76.4167
"1529","USW00013722",35.8922,-78.7819
"1530","USW00013723",36.0969,-79.9431
"1531","USW00013724",39.3778,-74.4236
"1532","USW00013729",38.89,-79.8556
"1533","USW00013733",37.3214,-79.2064
"1534","USW00013734",39.4039,-77.975
"1535","USW00013736",39.6497,-79.9206
"1536","USW00013737",36.9036,-76.1928
"1537","USW00013739",39.8733,-75.2269
"1538","USW00013740",37.5117,-77.3233
"1539","USW00013743",38.8472,-77.0344
"1540","USW00013750",36.9375,-76.2892
"1541","USW00013754",34.9,-76.8833
"1542","USW00013782",32.775,-79.9239
"1543","USW00013865",32.3347,-88.7508
"1544","USW00013867",39.2811,-81.5572
"1545","USW00013870",31.54,-82.5072
"1546","USW00013871",33.5906,-85.8478
"1547","USW00013872",35.5953,-82.5567
"1548","USW00013873",33.9478,-83.3272
"1549","USW00013874",33.6297,-84.4422
"1550","USW00013876",33.5656,-86.745
"1551","USW00013877",36.4797,-82.3989
"1552","USW00013878",31.1528,-81.3906
"1553","USW00013880",32.8994,-80.0408
"1554","USW00013881",35.2225,-80.9544
"1555","USW00013882",35.0336,-85.2003
"1556","USW00013889",30.4847,-81.7019
"1557","USW00013891",35.8181,-83.9858
"1558","USW00013893",35.0564,-89.9864
"1559","USW00013896",34.7439,-87.5997
"1560","USW00013957",32.4508,-93.8414
"1561","USW00013958",30.3208,-97.7603
"1562","USW00013959",31.6181,-97.2283
"1563","USW00013960",32.8383,-96.8358
"1564","USW00013963",34.7272,-92.2358
"1565","USW00013964",35.3333,-94.3653
"1566","USW00013966",33.9786,-98.493
"1567","USW00013970",30.5378,-91.1469
"1568","USW00013976",30.1986,-91.9894
"1569","USW00013980",37.155,-98.0283
"1570","USW00013981",37.6706,-95.4847
"1571","USW00013994",38.7525,-90.3733
"1572","USW00013995",37.2353,-93.4006
"1573","USW00013996",39.0725,-95.6261
"1574","USW00014607",46.8706,-68.0172
"1575","USW00014732",40.7794,-73.8803
"1576","USW00014733",42.9489,-78.7367
"1577","USW00014734",40.6828,-74.1692
"1578","USW00014735",42.7472,-73.7992
"1579","USW00014739",42.3606,-71.0097
"1580","USW00014742",44.4683,-73.15
"1581","USW00014743",44.5772,-75.1097
"1582","USW00014745",43.205,-71.5025
"1583","USW00014750",43.3386,-73.6103
"1584","USW00014752",41.7353,-72.6511
"1585","USW00014764",43.6425,-70.3045
"1586","USW00014768",43.1172,-77.6753
"1587","USW00014771",43.1111,-76.1039
"1588","USW00014820",41.4133,-81.86
"1589","USW00014825",41.0136,-83.6681
"1590","USW00014827",40.9725,-85.2064
"1591","USW00014828",43.9758,-84.4908
"1592","USW00014837",43.1406,-89.3453
"1593","USW00014839",42.955,-87.9044
"1594","USW00014840",43.1711,-86.2369
"1595","USW00014842",40.6675,-89.6842
"1596","USW00014845",43.5281,-84.0814
"1597","USW00014846",41.45,-82.7167
"1598","USW00014847",46.48,-84.3581
"1599","USW00014850",44.7389,-85.5678
"1600","USW00014852",41.2547,-80.6736
"1601","USW00014860",42.0803,-80.1822
"1602","USW00014897",44.9275,-89.6253
"1603","USW00014898",44.4986,-88.1111
"1604","USW00014910",45.8681,-95.3939
"1605","USW00014914",46.9242,-96.812
"1606","USW00014916",47.9428,-97.1831
"1607","USW00014920",43.8792,-91.2531
"1608","USW00014922",44.8853,-93.2314
"1609","USW00014923",41.4481,-90.5236
"1610","USW00014924",48.9711,-97.2417
"1611","USW00014925",43.9039,-92.4919
"1612","USW00014926",45.5442,-94.0517
"1613","USW00014929",45.4558,-98.4133
"1614","USW00014933",41.5339,-93.6531
"1615","USW00014935",40.9614,-98.3131
"1616","USW00014936",44.3792,-98.2228
"1617","USW00014941",41.98,-97.4336
"1618","USW00014944",43.5878,-96.7294
"1619","USW00014946",44.9044,-97.1494
"1620","USW00014992",44.5483,-95.0806
"1621","USW00022521",21.3239,-157.9394
"1622","USW00023023",31.9433,-102.1892
"1623","USW00023034",31.3714,-100.4925
"1624","USW00023042",33.6542,-101.8142
"1625","USW00023044",31.8122,-106.3775
"1626","USW00023047",35.2333,-101.7092
"1627","USW00023050",35.0419,-106.6156
"1628","USW00023051",36.4483,-103.1536
"1629","USW00023054",35.6558,-105.1386
"1630","USW00023065",39.3669,-101.7003
"1631","USW00023066",39.1344,-108.5408
"1632","USW00023067",38.0494,-103.5133
"1633","USW00023154",39.2953,-114.8467
"1634","USW00023155",35.4342,-119.0553
"1635","USW00023157",37.3711,-118.3589
"1636","USW00023161",34.8536,-116.7869
"1637","USW00023162",39.3375,-112.5858
"1638","USW00023170",38.3706,-110.7153
"1639","USW00023174",33.9381,-118.3867
"1640","USW00023179",34.7678,-114.6183
"1641","USW00023185",39.5078,-119.7683
"1642","USW00023187",34.7436,-118.7253
"1643","USW00023188",32.7336,-117.1831
"1644","USW00023190",34.4242,-119.8425
"1645","USW00023194",35.0281,-110.7219
"1646","USW00023233",36.6636,-121.6092
"1647","USW00023234",37.6197,-122.3656
"1648","USW00023244",37.4058,-122.0481
"1649","USW00023258",37.6256,-120.955
"1650","USW00023271",38.5553,-121.4183
"1651","USW00023272",37.7706,-122.4269
"1652","USW00024015",40.1744,-103.2147
"1653","USW00024018",41.1519,-104.8061
"1654","USW00024020",40.5233,-101.0344
"1655","USW00024025",44.3819,-100.2864
"1656","USW00024028",41.8747,-103.6011
"1657","USW00024036",47.0544,-109.4567
"1658","USW00024037",46.4264,-105.8833
"1659","USW00024119",40.6117,-116.8917
"1660","USW00024121",40.8239,-115.7864
"1661","USW00024128",40.9017,-117.8081
"1662","USW00024130",44.8431,-117.81
"1663","USW00024131",43.5669,-116.2406
"1664","USW00024132",45.7875,-111.1614
"1665","USW00024135",45.9644,-112.5014
"1666","USW00024137",48.6036,-112.3767
"1667","USW00024143",47.4733,-111.3828
"1668","USW00024144",46.6044,-111.9892
"1669","USW00024155",45.6906,-118.8531
"1670","USW00024156",42.9197,-112.5722
"1671","USW00024157",47.6217,-117.5281
"1672","USW00024159",47.1928,-114.8903
"1673","USW00024193",40.7206,-114.0358
"1674","USW00024213",40.8097,-124.1603
"1675","USW00024216",40.1519,-122.2547
"1676","USW00024221",44.1331,-123.2156
"1677","USW00024225",42.375,-122.8769
"1678","USW00024227",46.9736,-122.905
"1679","USW00024229",45.5958,-122.6092
"1680","USW00024232",44.905,-123.0011
"1681","USW00024243",46.5639,-120.535
"1682","USW00024255",48.35,-122.6667
"1683","USW00024284",43.4133,-124.2436
"1684","USW00025308",55.0389,-131.5786
"1685","USW00025503",58.6794,-156.6294
"1686","USW00025506",59.7492,-154.9089
"1687","USW00025507",59.6419,-151.4911
"1688","USW00025713",57.155,-170.2228
"1689","USW00026410",60.4861,-145.4444
"1690","USW00026411",64.8031,-147.8761
"1691","USW00026412",62.9614,-141.9383
"1692","USW00026415",63.9931,-145.7214
"1693","USW00026425",62.1592,-145.4589
"1694","USW00026438",60.1292,-149.4186
"1695","USW00026510",62.9575,-155.61
"1696","USW00026523",60.5792,-151.2414
"1697","USW00026528",62.3197,-150.0975
"1698","USW00026529",65.173,-152.1067
"1699","USW00026615",60.785,-161.8294
"1700","USW00026616",66.8856,-162.6067
"1701","USW00026617",64.5111,-165.44
"1702","USW00027502",71.2869,-156.7394
"1703","USW00053919",33.6361,-91.7556
"1704","USW00092811",25.8064,-80.1333
"1705","USW00093111",34.1242,-119.1228
"1706","USW00093112",32.6922,-117.2097
"1707","USW00093134",34.0236,-118.2911
"1708","USW00093721",39.1733,-76.6842
"1709","USW00093805",30.3975,-84.3289
"1710","USW00093808",36.9647,-86.4239
"1711","USW00093809",37.0422,-89.1856
"1712","USW00093820",38.0339,-84.6114
"1713","USW00093822",39.8453,-89.6839
"1714","USW00093824",39.9461,-81.8931
"1715","USW00093837",30.2333,-81.6667
"1716","USW00093841",30.7167,-87.0167
"1717","USW00093914",31.7831,-95.6039
"1718","USW00093986",34.9892,-99.0528
"1719","USW00093987",31.2358,-94.7547
"1720","USW00093992",33.2208,-92.8142
"1721","USW00094014",48.1739,-103.6367
"1722","USW00094728",40.7789,-73.9692
"1723","USW00094849",45.0717,-83.5644
"1724","USW00094911",42.8786,-97.3636
"1725","USW00094957",40.0792,-95.5892
"1726","USW00094967",46.8997,-95.0669
